ARI ID,Preferred Name,DOID,DOID Label,Score,Match Type,Matched Via,DOID SNOMED xref,DOID Obsolete
ARI:0001001,Acquired epidermolysis bullosa,DOID:4313,epidermolysis bullosa acquisita,0.772,name,Epidermolysis bullosa acquisita,2772003,
ARI:0001002,Acquired hemophilia,,,,,no match,,
ARI:0001003,Acute disseminated encephalomyelitis,DOID:639,acute disseminated encephalomyelitis,0.772,name,(preferred name),83942000,
ARI:0001004,Acute febrile mucocutaneous lymph node syndrome,DOID:13378,Kawasaki disease,0.556,synonym,Kawasaki's disease,75053002,
ARI:0001005,Acute lichenoid pityriasis,,,,,no match,,
ARI:0001006,Addison's disease,DOID:13774,Addison's disease,0.778,name,(preferred name),363732003,
ARI:0001007,Adult-onset immunodeficiency due to anti-IFN-gamma autoantibodies,,,,,no match,,
ARI:0001008,Adult onset Still's disease,DOID:14256,adult-onset Still's disease,0.549,synonym,(preferred name),239920006,
ARI:0001009,Age related macular degeneration,DOID:10871,age related macular degeneration,0.772,name,(preferred name),18222007,
ARI:0001010,Alopecia areata,DOID:986,alopecia areata,0.772,name,(preferred name),201131001,
ARI:0001011,Angiofollicular lymph node hyperplasia,DOID:0111157,Castleman disease,0.772,name,Castleman Disease,207036003,
ARI:0001012,Ankylosing spondylitis,DOID:7147,ankylosing spondylitis,0.772,name,(preferred name),156619005,
ARI:0001013,Anti-CASPR2 autoimmune encephalitis,,,,,no match,,
ARI:0001014,Anti-glomerular basement membrane disease,DOID:9808,Goodpasture syndrome,0.549,synonym,(preferred name),788613004,
ARI:0001015,Anti-MAG neuropathy,,,,,no match,,
ARI:0001016,Anti-MDA5 amyopathic dermatomyositis with rapidly progressive ILD,,,,,no match,,
ARI:0001017,Antineutrophil cytoplasmic antibody positive vasculitis,,,,,no match,,
ARI:0001018,Antiphospholipid syndrome,DOID:2988,antiphospholipid syndrome,0.772,name,(preferred name),201450008,
ARI:0001019,Antisynthetase syndrome,DOID:0080744,antisynthetase syndrome,0.772,name,(preferred name),,
ARI:0001020,Aortic valve calcification,,,,,no match,,
ARI:0001021,Aplastic anemia,DOID:12449,aplastic anemia,0.772,name,(preferred name),154807001,
ARI:0001022,Atypical hemolytic uremic syndrome with anti-factor H autoantibodies,,,,,no match,,
ARI:0001023,Autoimmune angioedema,,,,,no match,,
ARI:0001024,Autoimmune cerebellar ataxia,,,,,no match,,
ARI:0001025,Autoimmune diabetes insipidus (neurogenic),,,,,no match,,
ARI:0001026,Autoimmune disease,DOID:417,autoimmune disease,0.772,name,(preferred name),,
ARI:0001027,Autoimmune disorder of inner ear,DOID:9849,Meniere's disease,0.734,name,Ménière's disease,194346003,
ARI:0001028,Autoimmune encephalitis,,,,,no match,,
ARI:0001029,Autoimmune encephalitis caused by N-methyl D-aspartate receptor antibody,,,,,no match,,
ARI:0001030,Autoimmune ganglionopathy,,,,,no match,,
ARI:0001031,Autoimmune gastritis,DOID:0040090,autoimmune gastritis,0.772,name,(preferred name),,
ARI:0001032,Autoimmune hemolytic anemia,DOID:718,autoimmune hemolytic anemia,0.772,name,(preferred name),25121006,
ARI:0001033,Autoimmune hepatitis,DOID:2048,autoimmune hepatitis,0.772,name,(preferred name),16098491000119109,
ARI:0001034,Autoimmune hypoparathyroidism,,,,,no match,,
ARI:0001035,Autoimmune hypophysitis,,,,,no match,,
ARI:0001036,Autoimmune-Inflammatory Syndrome Induced by Adjuvants,,,,,no match,,
ARI:0001037,Autoimmune limbic encephalitis,,,,,no match,,
ARI:0001038,Autoimmune lymphoproliferative syndrome,DOID:6688,autoimmune lymphoproliferative syndrome,0.772,name,(preferred name),702444009,
ARI:0001039,Autoimmune necrotizing myopathy,,,,,no match,,
ARI:0001040,Autoimmune neutropenia,,,,,no match,,
ARI:0001041,Autoimmune oophoritis,,,,,no match,,
ARI:0001042,Autoimmune optic neuropathy,,,,,no match,,
ARI:0001043,Autoimmune pancreatitis,DOID:0040091,autoimmune pancreatitis,0.772,name,(preferred name),448542008,
ARI:0001044,Autoimmune progesterone dermatitis,,,,,no match,,
ARI:0001045,Autoimmune pulmonary alveolar proteinosis,,,,,no match,,
ARI:0001046,Autoimmune retinal vasculitis,,,,,no match,,
ARI:0001047,Autoimmune retinopathy,,,,,no match,,
ARI:0001048,Autoimmune thyroiditis,DOID:7188,autoimmune thyroiditis,0.772,name,(preferred name),190297000,
ARI:0001049,Autoimmune urticaria,DOID:0080747,chronic urticaria,0.772,name,Chronic urticaria,,
ARI:0001050,Autoimmune urticaria and/or angioedema,,,,,no match,,
ARI:0001051,Autoimmune vasculitis,DOID:0040097,autoimmune vasculitis,0.772,name,(preferred name),427213005,
ARI:0001052,Balo concentric sclerosis,DOID:0060215,Balo concentric sclerosis,0.778,name,(preferred name),44875002,
ARI:0001053,Behçet's syndrome,DOID:13241,Behcet's disease,0.734,name,Behçet's disease,310701003,
ARI:0001054,Benign mucous membrane pemphigoid,DOID:11656,cicatricial pemphigoid,0.772,name,Cicatricial pemphigoid,"34250006, 76092003",
ARI:0001055,Bickerstaff's brainstem encephalitis,,,,,no match,,
ARI:0001056,Birdshot chorioretinopathy,DOID:0111079,birdshot chorioretinopathy,0.772,name,(preferred name),231981005,
ARI:0001057,Bullous pemphigoid,DOID:8506,bullous pemphigoid,0.772,name,(preferred name),77090002,
ARI:0001058,Bullous systemic lupus erythematosus,,,,,no match,,
ARI:0001059,Calcinosis due to childhood type dermatomyositis,,,,,no match,,
ARI:0001060,Cataplexy and narcolepsy,,,,,no match,,
ARI:0001061,Celiac disease,DOID:10608,celiac disease,0.772,name,(preferred name),197477005,
ARI:0001062,Chronic Fatigue Syndrome,DOID:8544,chronic fatigue syndrome,0.762,name,(preferred name),193054000,
ARI:0001063,Chronic inflammatory demyelinating polyradiculoneuropathy,DOID:5213,chronic inflammatory demyelinating polyradiculoneuropathy,0.772,name,(preferred name),128209004,
ARI:0001064,Chronic interstitial cystitis,DOID:1678,chronic interstitial cystitis,0.772,name,(preferred name),44497007,
ARI:0001065,Chronic Lyme disease,DOID:11729,Lyme disease,0.778,name,Lyme disease,"154376000, 715507005",
ARI:0001066,Chronic multifocal osteomyelitis,DOID:0060645,chronic recurrent multifocal osteomyelitis,0.549,synonym,(preferred name),,
ARI:0001067,Chronic post-COVID-19 syndrome,DOID:0080848,long COVID,0.772,name,Long COVID,,
ARI:0001068,Cogan's syndrome,DOID:13353,diffuse interstitial keratitis,0.772,name,Diffuse interstitial keratitis,193785001,
ARI:0001069,Cold agglutinin disease,,,,,no match,,
ARI:0001070,Combined immunodeficiency due to LRBA deficiency,,,,,no match,,
ARI:0001071,Complex regional pain syndrome,DOID:3223,complex regional pain syndrome,0.772,name,(preferred name),128200000,
ARI:0001072,COPA syndrome,DOID:0081242,"autoimmune interstitial lung, joint, and kidney disease",0.556,synonym,(preferred name),,
ARI:0001073,Crohn's disease,DOID:8778,Crohn's disease,0.778,name,(preferred name),7620006,
ARI:0001074,Cryptogenic organizing pneumonia,DOID:2797,idiopathic interstitial pneumonia,0.778,name,idiopathic interstitial pneumonia,129459004,
ARI:0001075,CTLA4 haploinsufficiency,,,,,no match,,
ARI:0001076,Cutaneous lupus erythematosus,DOID:0050169,cutaneous lupus erythematosus,0.772,name,(preferred name),,
ARI:0001077,Cutaneous mastocytosis,DOID:3663,cutaneous mastocytosis,0.772,name,(preferred name),703827008,
ARI:0001078,Dermatitis herpetiformis,DOID:8505,dermatitis herpetiformis,0.772,name,(preferred name),200899006,
ARI:0001079,Dermatomyositis,DOID:10223,dermatomyositis,0.762,name,(preferred name),38826005,
ARI:0001080,Diabetes mellitus type 1,DOID:9744,type 1 diabetes mellitus,0.772,name,Type 1 diabetes mellitus,46635009,
ARI:0001081,Eaton-Lambert syndrome,DOID:0050214,Lambert-Eaton myasthenic syndrome,0.778,name,Lambert-Eaton myasthenic syndrome,230688006,
ARI:0001082,Encephalitis caused by anti-gamma-aminobutyric acid-A receptor antibody,,,,,no match,,
ARI:0001083,Encephalopathy caused by anti-IgLON5 antibody,,,,,no match,,
ARI:0001084,Endometriosis,DOID:289,endometriosis,0.762,name,(preferred name),11871002,
ARI:0001085,Enthesitis,,,,,no match,,
ARI:0001086,Eosinophilic esophagitis,DOID:13922,eosinophilic esophagitis,0.772,name,(preferred name),235599003,
ARI:0001087,Epilepsy,DOID:1826,epilepsy,0.762,name,(preferred name),267698007,
ARI:0001088,Episcleritis,,,,,no match,,
ARI:0001089,Erythema nodosum,DOID:0080750,erythema nodosum,0.772,name,(preferred name),,
ARI:0001090,Essential mixed cryoglobulinemia,,,,,no match,,
ARI:0001091,Evans syndrome,,,,,no match,,
ARI:0001092,Fasciitis with eosinophilia syndrome,,,,,no match,,
ARI:0001093,Felty syndrome,DOID:11042,Felty's syndrome,0.778,name,Felty's syndrome,57160007,
ARI:0001094,Female infertility due to antisperm antibodies,,,,,no match,,
ARI:0001095,Fibromyalgia,DOID:631,fibromyalgia,0.762,name,(preferred name),1304004,
ARI:0001096,Graves' disease,DOID:12361,Graves' disease,0.778,name,(preferred name),154655004,
ARI:0001097,Guillain-Barré syndrome,DOID:12842,Guillain-Barre syndrome,0.772,name,(preferred name),155082001,
ARI:0001098,Hemophilia B Leyden,,,,,no match,,
ARI:0001099,Herpes gestationis,DOID:14482,pemphigoid gestationis,0.772,name,Pemphigoid gestationis,86081009,
ARI:0001100,Hidradenitis suppurativa,DOID:2280,hidradenitis suppurativa,0.772,name,(preferred name),201204008,
ARI:0001101,Hypersensitivity angiitis,DOID:9809,hypersensitivity vasculitis,0.762,name,Hypersensitivity Vasculitis,195350001,
ARI:0001102,Idiopathic membranous glomerulonephritis,,,,,no match,,
ARI:0001103,Idiopathic pulmonary fibrosis,DOID:0050156,idiopathic pulmonary fibrosis,0.772,name,(preferred name),28168000,
ARI:0001104,IgA nephropathy,DOID:2986,IgA glomerulonephritis,0.556,synonym,(preferred name),236407003,
ARI:0001105,Immune checkpoint inhibitor-induced autoimmunity,,,,,no match,,
ARI:0001106,"Immune Dysregulation, Polyendocrinopathy, Enteropathy, X-Linked Syndrome",,,,,no match,,
ARI:0001107,Immune thrombocytopenia,DOID:8924,autoimmune thrombocytopenic purpura,0.772,name,Autoimmune thrombocytopenic purpura,234490009,
ARI:0001108,Immunoglobulin A vasculitis,DOID:11123,IgA vasculitis,0.778,name,IgA vasculitis,191306005,
ARI:0001109,Immunoglobulin G4 related disease,DOID:0080356,IgG4-related disease,0.778,name,IgG4-related diseases,,
ARI:0001110,Immunoglobulin G4 related ophthalmic disease,,,,,no match,,
ARI:0001111,Inclusion body myositis,DOID:3429,inclusion body myositis,0.772,name,(preferred name),72315009,
ARI:0001112,Inflammatory Bowel Disease,DOID:0050589,inflammatory bowel disease,0.762,name,(preferred name),155759008,
ARI:0001113,Insulin autoimmune syndrome,DOID:0040100,Hirata disease,0.778,name,Hirata disease,408539000,
ARI:0001114,Insulin resistance - type B,,,,,no match,,
ARI:0001115,Intermediate uveitis,DOID:12732,intermediate uveitis,0.772,name,(preferred name),314429009,
ARI:0001116,Interstitial lung disease,DOID:3082,interstitial lung disease,0.772,name,(preferred name),64667001,
ARI:0001117,Juvenile Rheumatoid Arthritis,DOID:676,systemic juvenile rheumatoid arthritis,0.549,synonym,Juvenile idiopathic arthritis,"201798003, 74391003, 7441009, 83793004",
ARI:0001118,Lichen planus,DOID:9201,lichen planus,0.772,name,(preferred name),156377007,
ARI:0001119,Lichen sclerosus,DOID:13477,balanitis xerotica obliterans,0.772,name,Balanitis xerotica obliterans,198028006,
ARI:0001120,Ligneous conjunctivitis,,,,,no match,,
ARI:0001121,Limbic encephalitis,DOID:0080741,limbic encephalitis,0.772,name,(preferred name),,
ARI:0001122,Limbic encephalitis with dipeptidyl-peptidase 6 antibodies,,,,,no match,,
ARI:0001123,Limbic encephalitis with leucine-rich glioma-inactivated 1 antibodies,,,,,no match,,
ARI:0001124,Linear IgA dermatosis,,,,,no match,,
ARI:0001125,Lipomatosis dolorosa,DOID:3928,adiposis dolorosa,0.772,name,Adiposis dolorosa,71404003,
ARI:0001126,Lupus vasculitis,,,,,no match,,
ARI:0001127,Male infertility associated with antisperm antibodies,,,,,no match,,
ARI:0001128,Microscopic colitis,DOID:0060182,microscopic colitis,0.772,name,(preferred name),235753003,
ARI:0001129,Microscopic polyangiitis,,,,,no match,,
ARI:0001130,Mixed collagen vascular disease,DOID:3492,mixed connective tissue disease,0.772,name,Mixed connective tissue disease,33110008,
ARI:0001131,Mooren's ulcer,DOID:10439,Mooren's ulcer,0.778,name,(preferred name),22440001,
ARI:0001132,Morphea,DOID:8472,localized scleroderma,0.556,synonym,(preferred name),90424004,
ARI:0001133,Motor neuropathy with multiple conduction block,,,,,no match,,
ARI:0001134,Moyamoya disease,DOID:13099,Moyamoya disease,0.778,name,(preferred name),69116000,
ARI:0001135,Multiple sclerosis,DOID:2377,multiple sclerosis,0.772,name,(preferred name),155023009,
ARI:0001136,Myasthenia gravis,DOID:437,myasthenia gravis,0.772,name,(preferred name),155092009,
ARI:0001137,Myelin oligodendrocyte glycoprotein antibody-associated disease,,,,,no match,,
ARI:0001138,Myocarditis due to autoimmune disease,DOID:0040095,autoimmune cardiomyopathy,0.772,name,Autoimmune cardiomyopathy,,
ARI:0001139,Myositis,DOID:633,myositis,0.762,name,(preferred name),26889001,
ARI:0001140,Necrotizing vasculitis,,,,,no match,,
ARI:0001141,Neonatal lupus erythematosus,,,,,no match,,
ARI:0001142,Neuralgic amyotrophy,DOID:3689,brachial plexus neuritis,0.772,name,Brachial plexus neuritis,26609002,
ARI:0001143,Neuromyelitis optica,DOID:8869,neuromyelitis optica,0.772,name,(preferred name),25044007,
ARI:0001144,Neuromyotonia,,,,,no match,,
ARI:0001145,Ocular myasthenia gravis,,,,,no match,,
ARI:0001146,Ophthalmoplegia due to Graves' disease,DOID:0081120,Graves ophthalmopathy,0.778,name,Graves ophthalmopathy,,
ARI:0001147,Opsoclonus-myoclonus syndrome,,,,,no match,,
ARI:0001148,Palindromic rheumatism,DOID:1166,palindromic rheumatism,0.772,name,(preferred name),"202455001, 202457009",
ARI:0001149,Paraneoplastic cerebellar degeneration,DOID:0050639,primary cutaneous amyloidosis,0.556,synonym,PCA,,
ARI:0001150,Paraneoplastic pemphigus,DOID:0080852,paraneoplastic pemphigus,0.772,name,(preferred name),,
ARI:0001151,Paroxysmal cold hemoglobinuria,,,,,no match,,
ARI:0001152,Paroxysmal nocturnal hemoglobinuria,DOID:0060284,paroxysmal nocturnal hemoglobinuria,0.772,name,(preferred name),"1468004, 154805009, 191226006",
ARI:0001153,Pediatric autoimmune neuropsychiatric disorder associated with streptococcal infection,,,,,no match,,
ARI:0001154,Pemphigus,DOID:9182,pemphigus,0.762,name,(preferred name),156355008,
ARI:0001155,POEMS syndrome,DOID:14039,POEMS syndrome,0.778,name,(preferred name),79268002,
ARI:0001156,Polyarteritis nodosa,DOID:9810,polyarteritis nodosa,0.772,name,(preferred name),195347004,
ARI:0001157,Polyglandular autoimmune syndrome type 1,DOID:0050167,autoimmune polyendocrine syndrome type 1,0.772,name,Autoimmune polyendocrine syndrome type 1,,
ARI:0001158,Polyglandular autoimmune syndrome type 2,DOID:0060234,Carpenter syndrome,0.778,name,Carpenter syndrome,403767009,
ARI:0001159,Polyglandular autoimmune syndrome type 3,,,,,no match,,
ARI:0001160,Polyglandular autoimmune syndrome type 4,,,,,no match,,
ARI:0001161,Polymyalgia rheumatica,DOID:853,polymyalgia rheumatica,0.772,name,(preferred name),202834009,
ARI:0001162,Polymyositis,DOID:0080745,polymyositis,0.762,name,(preferred name),,
ARI:0001163,Postmyocardial infarction syndrome,DOID:10507,Dressler's syndrome,0.778,name,Dressler's syndrome,66189004,
ARI:0001164,Postural orthostatic tachycardia syndrome,DOID:0111154,postural orthostatic tachycardia syndrome,0.772,name,(preferred name),,
ARI:0001165,Primary acquired chylomicronemia,,,,,no match,,
ARI:0001166,Primary biliary cholangitis,DOID:12236,primary biliary cholangitis,0.772,name,(preferred name),"1761006, 31712002",
ARI:0001167,Primary idiopathic dilated cardiomyopathy,DOID:12930,dilated cardiomyopathy,0.772,name,Dilated cardiomyopathy,74368002,
ARI:0001169,Primary sclerosing cholangitis,DOID:0060643,primary sclerosing cholangitis,0.772,name,(preferred name),4032000,
ARI:0001170,Progressive hemifacial atrophy,,,,,no match,,
ARI:0001171,Psoriasis,DOID:8893,psoriasis,0.762,name,(preferred name),156369008,
ARI:0001172,Psoriatic arthritis,DOID:9008,psoriatic arthritis,0.772,name,(preferred name),33339001,
ARI:0001173,Pure red cell aplasia,DOID:1340,pure red-cell aplasia,0.549,synonym,(preferred name),191252000,
ARI:0001174,Pyoderma gangrenosum,DOID:8553,pyoderma gangrenosum,0.772,name,(preferred name),74578003,
ARI:0001175,Rasmussen syndrome,,,,,no match,,
ARI:0001176,Secondary Raynaud's phenomenon,DOID:10300,Raynaud disease,0.778,name,Raynaud disease,195295006,
ARI:0001177,Reactive arthritis,DOID:6196,reactive arthritis,0.772,name,(preferred name),"201506009, 266212009",
ARI:0001178,Relapsing polychondritis,DOID:2556,relapsing polychondritis,0.772,name,(preferred name),72275000,
ARI:0001179,Restless legs,DOID:0050425,restless legs syndrome,0.549,synonym,Willis-Ekbom Disease,32914008,
ARI:0001180,Retinocochleocerebral vasculopathy,,,,,no match,,
ARI:0001181,Rheumatic Chorea,,,,,no match,,
ARI:0001182,Rheumatic fever,DOID:1586,rheumatic fever,0.772,name,(preferred name),"155265007, 274095001",
ARI:0001183,Rheumatoid aortitis,,,,,no match,,
ARI:0001184,Rheumatoid arthritis,DOID:7148,rheumatoid arthritis,0.772,name,(preferred name),156471009,
ARI:0001185,Rheumatoid vasculitis,,,,,no match,,
ARI:0001186,Sarcoidosis,DOID:11335,sarcoidosis,0.762,name,(preferred name),154425004,
ARI:0001187,Schnitzler syndrome,DOID:4371,Schnitzler syndrome,0.778,name,(preferred name),402415001,
ARI:0001188,Scleritis,DOID:13452,scleritis,0.762,name,(preferred name),155201000,
ARI:0001189,Sjögren's disease,DOID:12895,keratoconjunctivitis sicca,0.772,name,Keratoconjunctivitis sicca,78946008,
ARI:0001190,SLE glomerulonephritis syndrome,DOID:0080162,lupus nephritis,0.772,name,Lupus nephritis,,
ARI:0001191,Small fiber neuropathy,DOID:0070701,small fiber neuropathy,0.772,name,(preferred name),709489006,
ARI:0001192,Steroid-responsive encephalopathy associated with autoimmune thyroiditis,,,,,no match,,
ARI:0001193,Stiff-person syndrome,DOID:13366,Stiff-Person syndrome,0.772,name,(preferred name),5217008,
ARI:0001194,Subacute bacterial endocarditis,DOID:4562,subacute bacterial endocarditis,0.772,name,(preferred name),155334001,
ARI:0001195,Sympathetic uveitis,DOID:12029,sympathetic ophthalmia,0.772,name,Sympathetic ophthalmia,75315001,
ARI:0001196,Systemic lupus erythematosus,DOID:9074,systemic lupus erythematosus,0.772,name,(preferred name),156450004,
ARI:0001197,Systemic mast cell disease,,,,,no match,,
ARI:0001198,Systemic sclerosis,DOID:418,systemic scleroderma,0.772,name,Systemic scleroderma,89155008,
ARI:0001199,Systemic sclerosis with limited cutaneous involvement,DOID:0060218,CREST syndrome,0.778,name,CREST syndrome,"31848007, 62382002",
ARI:0001200,Takayasu's arteritis,DOID:2508,Takayasu's arteritis,0.778,name,(preferred name),"359789008, 42153001",
ARI:0001201,Temporal arteritis,DOID:13375,temporal arteritis,0.772,name,(preferred name),195354005,
ARI:0001202,TIF1-gamma positive dermatomyositis,,,,,no match,,
ARI:0001203,Tolosa-Hunt syndrome,DOID:1278,tolosa-hunt syndrome,0.772,name,(preferred name),75111000,
ARI:0001204,Transverse myelitis,DOID:0080743,transverse myelitis,0.772,name,(preferred name),,
ARI:0001205,Ulcerative colitis,DOID:8577,ulcerative colitis,0.772,name,(preferred name),"196988003, 441971007",
ARI:0001206,Undifferentiated connective tissue disease,,,,,no match,,
ARI:0001207,Urticarial vasculitis,,,,,no match,,
ARI:0001208,Uveitis,DOID:0040088,autoimmune uveitis,0.772,name,Autoimmune uveitis,,
ARI:0001209,Vitiligo,DOID:12306,vitiligo,0.762,name,(preferred name),156437000,
ARI:0001210,Vogt-Koyanagi-Harada disease,DOID:12297,Vogt-Koyanagi-Harada disease,0.778,name,(preferred name),44923005,
ARI:0001211,Warm autoimmune hemolytic anemia,,,,,no match,,
